city_slug,city_name,state,meta_title,meta_description,H1,H2,sub_heading_text,tick_1,tick_2,tick_3,about_bookphysio
/sydney,Sydney,NSW,Book a Sydney Physiotherapist near you [263 locations],"Find a physiotherapist in Sydney near you, and book an appointment that suits you instantly. Choose from [263] clinics across Sydney, NSW",Book a Sydney physiotherapist near you,Sydney's #1 physiotherapy booking site (263 clinics),BookPhysio.com is an on-demand physiotherapy booking site. Find and book a Sydney physio appointment near you.,No referrals required,Mulitple locations in Sydney,Book an appointment 24/7,"Find and book a time with a Sydney physiotherapist with Australia's #1 physiotherapy booking site, BookPhysio.com. We created this platform to help you easily find the next available appointment near you without having to call multiple clinics, so it's never been easier to find a physiotherapist in Sydney to treat your pain or injury. No matter what part of Sydney you're in - we've got you covered with over 263 clinics in Sydney, you'll be sure to find a time and clinic near you."
/melbourne,Melbourne,VIC,Book a Melbourne Physiotherapist near you [170 locations],"Find a physiotherapist in Melbourne near you, and book an appointment that suits you instantly. Choose from [170] clinics across Melbourne, VIC",Book a Melbourne physiotherapist near you,Melbourne's #1 physiotherapy booking site (170 clinics),BookPhysio.com is an on-demand physiotherapy booking site. Find and book a Melbourne physio appointment near you.,No referrals required,Mulitple locations in Melbourne,Book an appointment 24/7,"Book a physiotherapy appointment in Melbourne, and choose from one of our 170 locations on Australia's favourite booking site, BookPhysio.com. Our platform helps you search and find an appointment anytime, anywhere, without the hassle of calling multiple clinics. Find a local clinic in Melbourne and have your injury assessed whether you've got back pain, postural issues or other musculoskeletal injuries, book a time today and feel great again."
/perth,Perth,WA,Book a Perth Physiotherapist near you [89 locations],"Find a physiotherapist in Perth near you, and book an appointment that suits you instantly. Choose from [89] clinics across Perth, WA",Book a Perth physiotherapist near you,Perth's #1 physiotherapy booking site (89 clinics),BookPhysio.com is an on-demand physiotherapy booking site. Find and book a Perth physio appointment near you.,No referrals required,Mulitple locations in Perth,Book an appointment 24/7,"Find a time with a local physio in Perth and choose from one of our 89 clinics. BookPhysio.com is an on-demand physiotherapy booking site built to quickly and easily find and book the next availability in 60 seconds. It's never been easier to find a physio in Perth and have your injury assessed whether you've got back pain, gluteal tendinopathy or other musculoskeletal injuries, find a physio that can help you."
/brisbane,Brisbane,QLD,Book a Brisbane Physiotherapist near you [74 locations],"Find a physiotherapist in Brisbane near you, and book an appointment that suits you instantly. Choose from [74] clinics across Brisbane, QLD",Book a Brisbane physiotherapist near you,Brisbane's #1 physiotherapy booking site (74 clinics),BookPhysio.com is an on-demand physiotherapy booking site. Find and book a Brisbane physio appointment near you.,No referrals required,Mulitple locations in Brisbane,Book an appointment 24/7,"Find a time with a local physio in Brisbane, and select from one of our 74 clinics. BookPhysio.com is an on-demand physiotherapy booking site built to help you book a local appointment 24/7. We have multiple locations in Brisbane and treat your injury, whether it's ankle pain, gluteal tendinopathy or other musculoskeletal injuries find an availability today."
/adelaide,Adelaide,SA,Book a Adelaide Physiotherapist near you [63 locations],"Find a physiotherapist in Adelaide near you, and book an appointment that suits you instantly. Choose from [63] clinics across Adelaide, SA",Book a Adelaide physiotherapist near you,Adelaide's #1 physiotherapy booking site (63 clinics),BookPhysio.com is an on-demand physiotherapy booking site. Find and book an Adelaide physio appointment near you.,No referrals required,Mulitple locations in Adelaide,Book an appointment 24/7,"Searching for a physio appointment in Adelaide near you? BookPhysio.com is an on-demand physiotherapy booking site built to efficiently book the next availability anytime, anywhere. Choose from 63 clinics in Adelaide, and have your injury assessed whether you've got wrist pain, sciatica or other musculoskeletal injuries, find an appointment today."
/gold-coast,Gold Coast,QLD,Book a Gold Coast Physiotherapist near you [40 locations],"Find a physiotherapist in Gold Coast near you, and book an appointment that suits you instantly. Choose from [40] clinics across Gold Coast, QLD",Book a Gold Coast physiotherapist near you,Gold Coast's #1 physiotherapy booking site (40 clinics),BookPhysio.com is an on-demand physiotherapy booking site. Find and book a Gold Coast physio appointment near you.,No referrals required,Mulitple locations in Gold Coast,Book an appointment 24/7,"Are you searching for a physio appointment on the Gold Coast? We've got your back! BookPhysio.com is Australia's #1 physiotherapy booking site created to help you search and find a time that suits you today. Choose from 40 clinics on the Gold Coast, and have your injury assessed whether you've got shoulder pain, posture issues or other musculoskeletal injuries, book a time today."
/canberra,Canberra,ACT,Book a Canberra Physiotherapist near you [20 locations],"Find a physiotherapist in Canberra near you, and book an appointment that suits you instantly. Choose from [20] clinics across Canberra, ACT",Book a Canberra physiotherapist near you,Canberra's #1 physiotherapy booking site (20 clinics),BookPhysio.com is an on-demand physiotherapy booking site. Find and book a Canberra physio appointment near you.,No referrals required,Mulitple locations in Canberra,Book an appointment 24/7,"Searching for a physio appointment in Canberra near you? BookPhysio.com is an on-demand physiotherapy booking site built to help you book the next available appointment today. Choose from one of our many clinics in Canberra, and have your injury assessed. Whether you've got shoulder pain, a rolled ankle or other musculoskeletal injuries, book a time today."
/newcastle,Newcastle,NSW,Book a Newcastle Physiotherapist near you [14 locations],"Find a physiotherapist in Newcastle near you, and book an appointment that suits you instantly. Choose from [14] clinics across Newcastle, NSW",Book a Newcastle physiotherapist near you,Newcastle's #1 physiotherapy booking site (14 clinics),BookPhysio.com is an on-demand physiotherapy booking site. Find and book a Newcastle physio appointment near you.,No referrals required,Mulitple locations in Newcastle,Book an appointment 24/7,"Book a time this week with a physio in Newcastle. BookPhysio.com is Australia's #1 physiotherapy booking site created to help you search and find the next available appointment anytime, anywhere. Choose from multiple clinics in Newcastle, and treat your injury, whether it's shoulder pain, doms or other musculoskeletal injuries find an availability today."
/central-coast,Central Coast,NSW,Book a Central Coast Physiotherapist near you [11 locations],"Find a physiotherapist in Central Coast near you, and book an appointment that suits you instantly. Choose from [11] clinics across Central Coast, NSW",Book a Central Coast physiotherapist near you,Central Coast's #1 physiotherapy booking site (11 clinics),BookPhysio.com is an on-demand physiotherapy booking site. Find and book a Central Coast physio appointment near you.,No referrals required,Mulitple locations in Central Coast,Book an appointment 24/7,"Find a time with a local physio on the Central Coast. BookPhysio.com is an on-demand physiotherapy booking site built to help you search and find the next availability anytime, anywhere. We have multiple locations on the Central Coast and have your injury assessed. Whether you've got elbow pain, gluteal tendinopathy or other musculoskeletal injuries, find a physio that can help you."
/sunshine-coast,Sunshine Coast,QLD,Book a Sunshine Coast Physiotherapist near you [10 locations],"Find a physiotherapist in Sunshine Coast near you, and book an appointment that suits you instantly. Choose from [10] clinics across Sunshine Coast, QLD",Book a Sunshine Coast physiotherapist near you,Sunshine Coast's #1 physiotherapy booking site (10 clinics),BookPhysio.com is an on-demand physiotherapy booking site. Find and book a Sunshine Coast physio appointment near you.,No referrals required,Mulitple locations in Sunshine Coast,Book an appointment 24/7,"Find a time with a local physio on the Sunshine Coast. BookPhysio.com is Australia's #1 physiotherapy booking site created to help you search and find the next availability in 60 seconds. Choose from one of our many clinics on the Sunshine Coast, and have your injury assessed"
/geelong,Geelong,VIC,Book a Geelong Physiotherapist near you [9 locations],"Find a physiotherapist in Geelong near you, and book an appointment that suits you instantly. Choose from [9] clinics across Geelong, VIC",Book a Geelong physiotherapist near you,Geelong's #1 physiotherapy booking site (9 clinics),BookPhysio.com is an on-demand physiotherapy booking site. Find and book a Geelong physio appointment near you.,No referrals required,Mulitple locations in Geelong,Book an appointment 24/7,"Searching for a physio appointment in Geelong near you? BookPhysio.com is an on-demand physiotherapy booking site built to effectively book a time that suits you anytime, anywhere. Choose from multiple clinics in Geelong, and treat your injury, whether it's knee pain, posture issues or other musculoskeletal injuries find an appointment today."
/wollongong,Wollongong,NSW,Book a Wollongong Physiotherapist near you [7 locations],"Find a physiotherapist in Wollongong near you, and book an appointment that suits you instantly. Choose from [7] clinics across Wollongong, NSW",Book a Wollongong physiotherapist near you,Wollongong's #1 physiotherapy booking site (7 clinics),BookPhysio.com is an on-demand physiotherapy booking site. Find and book a Wollongong physio appointment near you.,No referrals required,Mulitple locations in Wollongong,Book an appointment 24/7,"Find a time with a local physio in Wollongong. BookPhysio.com is an Australian physiotherapy booking site designed to quickly and easily find and book the next availability today. It's never been easier to find a physio in Wollongong and treat your pain or injury. Whether you have knee pain, a wry neck or other musculoskeletal injuries, book a time today."
/logan,Logan,QLD,Book a Logan Physiotherapist near you [6 locations],"Find a physiotherapist in Logan near you, and book an appointment that suits you instantly. Choose from [6] clinics across Logan, QLD",Book a Logan physiotherapist near you,Logan's #1 physiotherapy booking site (6 clinics),BookPhysio.com is an on-demand physiotherapy booking site. Find and book a Logan physio appointment near you.,No referrals required,Mulitple locations in Logan,Book an appointment 24/7,"Searching for a physio appointment in Logan near you? BookPhysio.com is an on-demand physiotherapy booking site built to help you search and find an appointment 24/7. We have multiple locations in Logan and have your injury assessed. Whether you've got hip pain, achilles tendinopathy or other musculoskeletal injuries, find an appointment today."
/darwin,Darwin,NT,Book a Darwin Physiotherapist near you [5 locations],"Find a physiotherapist in Darwin near you, and book an appointment that suits you instantly. Choose from [5] clinics across Darwin, NT",Book a Darwin physiotherapist near you,Darwin's #1 physiotherapy booking site (5 clinics),BookPhysio.com is an on-demand physiotherapy booking site. Find and book a Darwin physio appointment near you.,No referrals required,Mulitple locations in Darwin,Book an appointment 24/7,"Book a time this week with a physio in Darwin. BookPhysio.com is an Australian physiotherapy booking site designed to help you book the next available appointment in 60 seconds. We have multiple locations in Darwin and treat your injury, whether it's shoulder pain, tendinopathy or other musculoskeletal injuries find an availability today."
/blue-mountains,Blue Mountains,NSW,Book a Blue Mountains Physiotherapist near you [5 locations],"Find a physiotherapist in Blue Mountains near you, and book an appointment that suits you instantly. Choose from [5] clinics across Blue Mountains, NSW",Book a Blue Mountains physiotherapist near you,Blue Mountains' #1 physiotherapy booking site (5 clinics),BookPhysio.com is an on-demand physiotherapy booking site. Find and book a Blue Mountains physio appointment near you.,No referrals required,Mulitple locations in Blue Mountains,Book an appointment 24/7,"Searching for a physio appointment in the Blue Mountains near you? BookPhysio.com is Australia's #1 physiotherapy booking site created to make it easy to book a time that suits you today. Choose from one of our many clinics in the Blue Mountains, and treat your injury, whether it's hip pain, a corked thigh or other musculoskeletal injuries find an appointment today."
/townsville,Townsville,QLD,Book a Townsville Physiotherapist near you [4 locations],"Find a physiotherapist in Townsville near you, and book an appointment that suits you instantly. Choose from [4] clinics across Townsville, QLD",Book a Townsville physiotherapist near you,Townsville's #1 physiotherapy booking site (4 clinics),BookPhysio.com is an on-demand physiotherapy booking site. Find and book a Townsville physio appointment near you.,No referrals required,Mulitple locations in Townsville,Book an appointment 24/7,"Book a time this week with a physio in Townsville. BookPhysio.com is an Australian physiotherapy booking site designed to quickly and easily find and book the next available appointment 24/7. Choose from one of our many clinics in Townsville, and treat your injury, whether it's neck pain, postural issues or other musculoskeletal injuries find an appointment today."
/mandurah,Mandurah,WA,Book a Mandurah Physiotherapist near you [4 locations],"Find a physiotherapist in Mandurah near you, and book an appointment that suits you instantly. Choose from [4] clinics across Mandurah, WA",Book a Mandurah physiotherapist near you,Mandurah's #1 physiotherapy booking site (4 clinics),BookPhysio.com is an on-demand physiotherapy booking site. Find and book a Mandurah physio appointment near you.,No referrals required,Mulitple locations in Mandurah,Book an appointment 24/7,"Find a time with a local physio in Mandurah. BookPhysio.com is Australia's #1 physiotherapy booking site created to efficiently book the next availability 24/7. It's never been easier to find a physio in Mandurah and have your injury assessed. Whether you've got knee pain, gluteal tendinopathy or other musculoskeletal injuries, find a physio that can help you."
/toowoomba,Toowoomba,QLD,Book a Toowoomba Physiotherapist near you [3 locations],"Find a physiotherapist in Toowoomba near you, and book an appointment that suits you instantly. Choose from [3] clinics across Toowoomba, QLD",Book a Toowoomba physiotherapist near you,Toowoomba's #1 physiotherapy booking site (3 clinics),BookPhysio.com is an on-demand physiotherapy booking site. Find and book a Toowoomba physio appointment near you.,No referrals required,Mulitple locations in Toowoomba,Book an appointment 24/7,"Find and book a time with a Toowoomba physiotherapist. BookPhysio.com is an Australian physiotherapy booking site designed to quickly and easily find and book the next available appointment anytime, anywhere. Choose from one of our many clinics in Toowoomba, and treat your pain or injury whether you have hip pain, postural issues or other musculoskeletal injuries, book an appointment today."
/sutherland,Sutherland,NSW,Book a Sutherland Physiotherapist near you [3 locations],"Find a physiotherapist in Sutherland near you, and book an appointment that suits you instantly. Choose from [3] clinics across Sutherland, NSW",Book a Sutherland physiotherapist near you,Sutherland's #1 physiotherapy booking site (3 clinics),BookPhysio.com is an on-demand physiotherapy booking site. Find and book a Sutherland physio appointment near you.,No referrals required,Mulitple locations in Sutherland,Book an appointment 24/7,"Find and book a time with a Sutherland physiotherapist. BookPhysio.com is Australia's #1 physiotherapy booking site created to quickly and easily find and book the next availability anytime, anywhere. It's never been easier to find a physio in Sutherland and have your injury assessed. Whether you've got ankle pain, sacroiliac joint dysfunction or other musculoskeletal injuries, book an appointment today."
/hobart,Hobart,TAS,Book a Hobart Physiotherapist near you [3 locations],"Find a physiotherapist in Hobart near you, and book an appointment that suits you instantly. Choose from [3] clinics across Hobart, TAS",Book a Hobart physiotherapist near you,Hobart's #1 physiotherapy booking site (3 clinics),BookPhysio.com is an on-demand physiotherapy booking site. Find and book a Hobart physio appointment near you.,No referrals required,Mulitple locations in Hobart,Book an appointment 24/7,"Find and book a time with a Hobart physiotherapist. BookPhysio.com is an on-demand physiotherapy booking site built to help you search and find a time that suits you today. Choose from multiple clinics in Hobart, and treat your pain or injury. Whether you have neck pain, sciatica or other musculoskeletal injuries, find a physio that can help you."
/gladstone,Gladstone,QLD,Book a Gladstone Physiotherapist near you [3 locations],"Find a physiotherapist in Gladstone near you, and book an appointment that suits you instantly. Choose from [3] clinics across Gladstone, QLD",Book a Gladstone physiotherapist near you,Gladstone's #1 physiotherapy booking site (3 clinics),BookPhysio.com is an on-demand physiotherapy booking site. Find and book a Gladstone physio appointment near you.,No referrals required,Mulitple locations in Gladstone,Book an appointment 24/7,"Need a physio in Gladstone today? BookPhysio.com was built to assist patients looking for a physio appointment asap. We have multiple clinics in Gladstone, QLD. Whether you have back pain, whiplash or other musculoskeletal injuries, book a time today and feel great again."
/redland,Redland,QLD,Book a Redland Physiotherapist near you [3 locations],"Find a physiotherapist in Redland near you, and book an appointment that suits you instantly. Choose from [3] clinics across Redland, QLD",Book a Redland physiotherapist near you,Redland's #1 physiotherapy booking site (3 clinics),BookPhysio.com is an on-demand physiotherapy booking site. Find and book a Redland physio appointment near you.,No referrals required,Mulitple locations in Redland,Book an appointment 24/7,"Looking for a physio in Redland this week? BookPhysio.com is an Australian physio booking site designed to help patients find and book quality physiotherapists with our easy to use platform. We have the best physios in Redland, QLD. If you have neck pain, gluteal tendinopathy or other musculoskeletal injuries, book a time today and feel great again."
/tweed-heads,Tweed Heads,NSW,Book a Tweed Heads Physiotherapist near you [3 locations],"Find a physiotherapist in Tweed Heads near you, and book an appointment that suits you instantly. Choose from [3] clinics across Tweed Heads, NSW",Book a Tweed Heads physiotherapist near you,Tweed Heads' #1 physiotherapy booking site (3 clinics),BookPhysio.com is an on-demand physiotherapy booking site. Find and book a Tweed Heads physio appointment near you.,No referrals required,Mulitple locations in Tweed Heads,Book an appointment 24/7,"Want to book a physio in Tweed Heads? BookPhysio.com was created to empower patients to find the top physio's with our easy to use platform. Find a clinic with a suitable time in Tweed Heads, NSW. Whether you have wrist pain, whiplash or other musculoskeletal injuries, book a time today and feel great again."
/mackay,Mackay,QLD,Book a Mackay Physiotherapist near you [3 locations],"Find a physiotherapist in Mackay near you, and book an appointment that suits you instantly. Choose from [3] clinics across Mackay, QLD",Book a Mackay physiotherapist near you,Mackay's #1 physiotherapy booking site (3 clinics),BookPhysio.com is an on-demand physiotherapy booking site. Find and book a Mackay physio appointment near you.,No referrals required,Mulitple locations in Mackay,Book an appointment 24/7,"Suffering from pain or an injury? BookPhysio.com was created to help patients find a suitable time this weekend. Book a physio in Mackay, QLD. If you have ankle pain, piriformis syndrome or other musculoskeletal injuries, book a time today."
/ballarat,Ballarat,VIC,Book a Ballarat Physiotherapist near you [2 locations],"Find a physiotherapist in Ballarat near you, and book an appointment that suits you instantly. Choose from [2] clinics across Ballarat, VIC",Book a Ballarat physiotherapist near you,Ballarat's #1 physiotherapy booking site (2 clinics),BookPhysio.com is an on-demand physiotherapy booking site. Find and book a Ballarat physio appointment near you.,No referrals required,Mulitple locations in Ballarat,Book an appointment 24/7,"Searching for an experienced physio near Ballarat? BookPhysio.com is the go-to place to empower patients to find a nearby physio today. Book a time at one of our many locations in Ballarat, VIC. If you have hip pain, posture issues or other musculoskeletal injuries, find an appointment today."
/albury,Albury,NSW,Book a Albury Physiotherapist near you [2 locations],"Find a physiotherapist in Albury near you, and book an appointment that suits you instantly. Choose from [2] clinics across Albury, NSW",Book a Albury physiotherapist near you,Albury's #1 physiotherapy booking site (2 clinics),BookPhysio.com is an on-demand physiotherapy booking site. Find and book an Albury physio appointment near you.,No referrals required,Mulitple locations in Albury,Book an appointment 24/7,"Looking for a physio near Albury? BookPhysio.com is Australia's #1 physiotherapy booking site created to empower patients to find a suitable availability in just under 60 seconds. Book a time at one of our many locations in Albury, NSW. If you have neck pain, a wry neck or other musculoskeletal injuries, find an appointment today."
/bendigo,Bendigo,VIC,Book a Bendigo Physiotherapist near you [2 locations],"Find a physiotherapist in Bendigo near you, and book an appointment that suits you instantly. Choose from [2] clinics across Bendigo, VIC",Book a Bendigo physiotherapist near you,Bendigo's #1 physiotherapy booking site (2 clinics),BookPhysio.com is an on-demand physiotherapy booking site. Find and book a Bendigo physio appointment near you.,No referrals required,Mulitple locations in Bendigo,Book an appointment 24/7,"Injured and need a physio in Bendigo? BookPhysio.com is an Australian owned physical therapy booking platform built to help patients book a local physio today. Find a time and a clinic near you in Bendigo, VIC. If you have hip pain, fat pad impingement or other musculoskeletal injuries, book an appointment today."
/port-macquarie,Port Macquarie,NSW,Book a Port Macquarie Physiotherapist near you [2 locations],"Find a physiotherapist in Port Macquarie near you, and book an appointment that suits you instantly. Choose from [2] clinics across Port Macquarie, NSW",Book a Port Macquarie physiotherapist near you,Port Macquarie's #1 physiotherapy booking site (2 clinics),BookPhysio.com is an on-demand physiotherapy booking site. Find and book a Port Macquarie physio appointment near you.,No referrals required,Mulitple locations in Port Macquarie,Book an appointment 24/7,"In need of an experienced physiotherapist in Port Macquarie today? BookPhysio.com is Australia's #1 physiotherapy booking site created to help patients find a physiotherapy appointment this weekend. We have multiple clinics in Port Macquarie, NSW. Whether you have ankle pain, a rolled ankle or any other pain or injury, find an appointment today."
/cronulla,Cronulla,NSW,Book a Cronulla Physiotherapist near you [2 locations],"Find a physiotherapist in Cronulla near you, and book an appointment that suits you instantly. Choose from [2] clinics across Cronulla, NSW",Book a Cronulla physiotherapist near you,Cronulla's #1 physiotherapy booking site (2 clinics),BookPhysio.com is an on-demand physiotherapy booking site. Find and book a Cronulla physio appointment near you.,No referrals required,Mulitple locations in Cronulla,Book an appointment 24/7,"Do you require a Cronulla physiotherapist? BookPhysio.com is a physiotherapy specific booking site designed to assist patients looking for physical therapy availabilities within the next seven days. Book a physio in Cronulla, NSW. Whether you have lower back pain, a corked thigh or any other pain or injury, find an availability today."
/orange,Orange,NSW,Book a Orange Physiotherapist near you [2 locations],"Find a physiotherapist in Orange near you, and book an appointment that suits you instantly. Choose from [2] clinics across Orange, NSW",Book a Orange physiotherapist near you,Orange's #1 physiotherapy booking site (2 clinics),BookPhysio.com is an on-demand physiotherapy booking site. Find and book an Orange physio appointment near you.,No referrals required,Mulitple locations in Orange,Book an appointment 24/7,"Looking for a local physio in Orange? BookPhysio.com was established to help patients easily and quickly book an appointment in just under 60 seconds. Find a time and a clinic near you in Orange, NSW. Whether you have neck pain, postural issues or any other pain or injury, find an appointment today."
/wodonga,Wodonga,VIC,Book a Wodonga Physiotherapist near you [2 locations],"Find a physiotherapist in Wodonga near you, and book an appointment that suits you instantly. Choose from [2] clinics across Wodonga, VIC",Book a Wodonga physiotherapist near you,Wodonga's #1 physiotherapy booking site (2 clinics),BookPhysio.com is an on-demand physiotherapy booking site. Find and book a Wodonga physio appointment near you.,No referrals required,Mulitple locations in Wodonga,Book an appointment 24/7,"Are you looking for a physio in Wodonga? BookPhysio.com is the go-to place to help patients find the best physio's within the next seven days. Book a time in Wodonga, VIC. If you have neck pain, whiplash or other musculoskeletal injuries, book a time today."
/albany,Albany,WA,Book a Albany Physiotherapist near you [2 locations],"Find a physiotherapist in Albany near you, and book an appointment that suits you instantly. Choose from [2] clinics across Albany, WA",Book a Albany physiotherapist near you,Albany's #1 physiotherapy booking site (2 clinics),BookPhysio.com is an on-demand physiotherapy booking site. Find and book an Albany physio appointment near you.,No referrals required,Mulitple locations in Albany,Book an appointment 24/7,"Looking for a local physio in Albany? BookPhysio.com is the go-to place to help patients easily and quickly book experienced physiotherapy clinics with our easy to use platform. Find a clinic with a suitable time in Albany, WA. Whether you have hip pain, postural issues or any other pain or injury, book a time today and feel great again."
/maitland,Maitland,NSW,Book a Maitland Physiotherapist near you [2 locations],"Find a physiotherapist in Maitland near you, and book an appointment that suits you instantly. Choose from [2] clinics across Maitland, NSW",Book a Maitland physiotherapist near you,Maitland's #1 physiotherapy booking site (2 clinics),BookPhysio.com is an on-demand physiotherapy booking site. Find and book a Maitland physio appointment near you.,No referrals required,Mulitple locations in Maitland,Book an appointment 24/7,"Are you looking for a physio in Maitland? BookPhysio.com is an Australian owned physical therapy booking platform built to assist patients in finding a suitable availability asap. We have multiple clinics in Maitland, NSW. Whether you have ankle pain, achilles tendinopathy or other musculoskeletal injuries, book an appointment today."
/sunbury,Sunbury,VIC,Book a Sunbury Physiotherapist near you [2 locations],"Find a physiotherapist in Sunbury near you, and book an appointment that suits you instantly. Choose from [2] clinics across Sunbury, VIC",Book a Sunbury physiotherapist near you,Sunbury's #1 physiotherapy booking site (2 clinics),BookPhysio.com is an on-demand physiotherapy booking site. Find and book a Sunbury physio appointment near you.,No referrals required,Mulitple locations in Sunbury,Book an appointment 24/7,"Suffering from pain or an injury? BookPhysio.com is the go-to place to help patients easily and quickly book quality physiotherapists in under 60 seconds. Our platform has multiple clinics in Sunbury, VIC. If you have upper back pain, rotator cuff tear or other musculoskeletal injuries, find an availability today."
/wagga-wagga,Wagga Wagga,NSW,Book a Wagga Wagga Physiotherapist near you [2 locations],"Find a physiotherapist in Wagga Wagga near you, and book an appointment that suits you instantly. Choose from [2] clinics across Wagga Wagga, NSW",Book a Wagga Wagga physiotherapist near you,Wagga Wagga's #1 physiotherapy booking site (2 clinics),BookPhysio.com is an on-demand physiotherapy booking site. Find and book a Wagga Wagga physio appointment near you.,No referrals required,Mulitple locations in Wagga Wagga,Book an appointment 24/7,"Do you need a physio in Wagga Wagga? BookPhysio.com is the go-to place to connect patients with an appointment asap. Book a time in Wagga Wagga, NSW. If you have neck pain, whiplash or any other pain or injury, book a time today."
/coffs-harbour,Coffs Harbour,VIC,Book a Coffs Harbour Physiotherapist near you [2 locations],"Find a physiotherapist in Coffs Harbour near you, and book an appointment that suits you instantly. Choose from [2] clinics across Coffs Harbour, VIC",Book a Coffs Harbour physiotherapist near you,Coffs Harbour's #1 physiotherapy booking site (2 clinics),BookPhysio.com is an on-demand physiotherapy booking site. Find and book a Coffs Harbour physio appointment near you.,No referrals required,Mulitple locations in Coffs Harbour,Book an appointment 24/7,"Are you looking for a physio in Coffs Harbour? BookPhysio.com is a physio booking engine created to connect patients with a suitable time today. Bookphysio.com has multiple clinics near you in Coffs Harbour, VIC. Whether you have elbow pain, achilles tendinopathy or any other pain or injury, book a time today."
/bacchus-marsh,Bacchus Marsh,NSW,Book a Bacchus Marsh Physiotherapist near you [2 locations],"Find a physiotherapist in Bacchus Marsh near you, and book an appointment that suits you instantly. Choose from [2] clinics across Bacchus Marsh, NSW",Book a Bacchus Marsh physiotherapist near you,Bacchus Marsh's #1 physiotherapy booking site (2 clinics),BookPhysio.com is an on-demand physiotherapy booking site. Find and book a Bacchus Marsh physio appointment near you.,No referrals required,Mulitple locations in Bacchus Marsh,Book an appointment 24/7,"Want to book a physio in Bacchus Marsh? BookPhysio.com is the go-to place to assist patients in finding the best physio's in under 60 seconds. Find a clinic with a suitable time in Bacchus Marsh, NSW. If you have back pain, a wry neck or any other pain or injury, find a physio that can help you."
/torquay,Torquay,VIC,Book a Torquay Physio near you [multiple locations],"Find a physiotherapist in Torquay near you, and book an appointment that suits you instantly. Clinics across Torquay, VIC",Book a Torquay physiotherapist near you,Torquay's #1 physiotherapy booking site (1 clinics),BookPhysio.com is an on-demand physiotherapy booking site. Find and book a Torquay physio appointment near you.,No referrals required,Mulitple locations in Torquay,Book an appointment 24/7,"Book a time today with an experienced physio in Torquay. BookPhysio.com is an Australian physio booking site designed to help patients easily and quickly book quality physiotherapists today. Book a time in Torquay, VIC. Whether you have upper back pain, sciatica or other musculoskeletal injuries, find a physio that can help you."
/cairns,Cairns,QLD,Book a Cairns Physio near you [multiple locations],"Find a physiotherapist in Cairns near you, and book an appointment that suits you instantly. Clinics across Cairns, QLD",Book a Cairns physiotherapist near you,Cairns's #1 physiotherapy booking site (1 clinics),BookPhysio.com is an on-demand physiotherapy booking site. Find and book a Cairns physio appointment near you.,No referrals required,Mulitple locations in Cairns,Book an appointment 24/7,"In need of a physio near Cairns? BookPhysio.com was built to connect patients with expert physiotherapists in just under 60 seconds. Book a physio in Cairns, QLD. If you have knee pain, tendinopathy or other musculoskeletal injuries, find an availability today."
/devonport,Devonport,TAS,Book a Devonport Physio near you [multiple locations],"Find a physiotherapist in Devonport near you, and book an appointment that suits you instantly. Clinics across Devonport, TAS",Book a Devonport physiotherapist near you,Devonport's #1 physiotherapy booking site (1 clinics),BookPhysio.com is an on-demand physiotherapy booking site. Find and book a Devonport physio appointment near you.,No referrals required,Mulitple locations in Devonport,Book an appointment 24/7,"Are you looking for a physio in Devonport? BookPhysio.com was established to assist patients in finding a physio appointment in just under 60 seconds. Book a physio in Devonport, TAS. If you have elbow pain, a wry neck or other musculoskeletal injuries, book a time today."
/bunbury,Bunbury,WA,Book a Bunbury Physio near you [multiple locations],"Find a physiotherapist in Bunbury near you, and book an appointment that suits you instantly. Clinics across Bunbury, WA",Book a Bunbury physiotherapist near you,Bunbury's #1 physiotherapy booking site (1 clinics),BookPhysio.com is an on-demand physiotherapy booking site. Find and book a Bunbury physio appointment near you.,No referrals required,Mulitple locations in Bunbury,Book an appointment 24/7,"Looking for a physio near Bunbury? BookPhysio.com is a physio booking engine created to help everyday Australians find the best physio's this weekend. We have multiple clinics in Bunbury, WA. If you have knee pain, FAI or any other pain or injury, book a time today and feel great again."
/busselton,Busselton,WA,Book a Busselton Physio near you [multiple locations],"Find a physiotherapist in Busselton near you, and book an appointment that suits you instantly. Clinics across Busselton, WA",Book a Busselton physiotherapist near you,Busselton's #1 physiotherapy booking site (1 clinics),BookPhysio.com is an on-demand physiotherapy booking site. Find and book a Busselton physio appointment near you.,No referrals required,Mulitple locations in Busselton,Book an appointment 24/7,"Hurt yourself and need a Busselton physio? BookPhysio.com is the go-to place to connect patients with physical therapy availabilities in just under 60 seconds. Book a physio in Busselton, WA. If you have shoulder pain, fat pad impingement or any other pain or injury, book a time today."
/nowra,Nowra,NSW,Book a Nowra Physio near you [multiple locations],"Find a physiotherapist in Nowra near you, and book an appointment that suits you instantly. Clinics across Nowra, NSW",Book a Nowra physiotherapist near you,Nowra's #1 physiotherapy booking site (1 clinics),BookPhysio.com is an on-demand physiotherapy booking site. Find and book a Nowra physio appointment near you.,No referrals required,Mulitple locations in Nowra,Book an appointment 24/7,"Looking for a local physio in Nowra? BookPhysio.com was established to empower patients to find a suitable availability in just under 60 seconds. Bookphysio.com has multiple clinics near you in Nowra, NSW. If you have elbow pain, a corked thigh or any other pain or injury, find a physio that can help you."
/traralgon,Traralgon,VIC,Book a Traralgon Physio near you [multiple locations],"Find a physiotherapist in Traralgon near you, and book an appointment that suits you instantly. Clinics across Traralgon, VIC",Book a Traralgon physiotherapist near you,Traralgon's #1 physiotherapy booking site (1 clinics),BookPhysio.com is an on-demand physiotherapy booking site. Find and book a Traralgon physio appointment near you.,No referrals required,Mulitple locations in Traralgon,Book an appointment 24/7,"Do you need a physio in Traralgon? BookPhysio.com is an Australian physio booking site designed to help patients book a physio appointment in just under 60 seconds. Bookphysio.com has multiple clinics near you in Traralgon, VIC. Whether you have hip pain, tennis elbow or other musculoskeletal injuries, find an availability today."
/warragul,Warragul,VIC,Book a Warragul Physio near you [multiple locations],"Find a physiotherapist in Warragul near you, and book an appointment that suits you instantly. Clinics across Warragul, VIC",Book a Warragul physiotherapist near you,Warragul's #1 physiotherapy booking site (1 clinics),BookPhysio.com is an on-demand physiotherapy booking site. Find and book a Warragul physio appointment near you.,No referrals required,Mulitple locations in Warragul,Book an appointment 24/7,"In pain and looking for a physio in Warragul? BookPhysio.com is an Australian physio booking site designed to assist patients quickly and easily find an appropriate physio asap. Book a physio in Warragul, VIC. Whether you have hip pain, FAI or other musculoskeletal injuries, find an availability today."
/geraldton,Geraldton,WA,Book a Geraldton Physio near you [multiple locations],"Find a physiotherapist in Geraldton near you, and book an appointment that suits you instantly. Clinics across Geraldton, WA",Book a Geraldton physiotherapist near you,Geraldton's #1 physiotherapy booking site (1 clinics),BookPhysio.com is an on-demand physiotherapy booking site. Find and book a Geraldton physio appointment near you.,No referrals required,Mulitple locations in Geraldton,Book an appointment 24/7,"Looking for a physio near Geraldton? BookPhysio.com was created to help patients find and book the top physio's within the next seven days. We have multiple clinics in Geraldton, WA. Whether you have elbow pain, sacroiliac joint dysfunction or any other pain or injury, book a time today."
/wangaratta,Wangaratta,VIC,Book a Wangaratta Physio near you [multiple locations],"Find a physiotherapist in Wangaratta near you, and book an appointment that suits you instantly. Clinics across Wangaratta, VIC",Book a Wangaratta physiotherapist near you,Wangaratta's #1 physiotherapy booking site (1 clinics),BookPhysio.com is an on-demand physiotherapy booking site. Find and book a Wangaratta physio appointment near you.,No referrals required,Mulitple locations in Wangaratta,Book an appointment 24/7,"Injured and need a physio in Wangaratta? BookPhysio.com is a physio booking engine created to assist patients looking for a physiotherapy appointment in under 60 seconds. Book a time in Wangaratta, VIC. Whether you have knee pain, tennis elbow or other musculoskeletal injuries, book an appointment today."
/batemans-bay,Batemans Bay,NSW,Book a Batemans Bay Physio near you [multiple locations],"Find a physiotherapist in Batemans Bay near you, and book an appointment that suits you instantly. Clinics across Batemans Bay, NSW",Book a Batemans Bay physiotherapist near you,Batemans Bay's #1 physiotherapy booking site (1 clinics),BookPhysio.com is an on-demand physiotherapy booking site. Find and book a Batemans Bay physio appointment near you.,No referrals required,Mulitple locations in Batemans Bay,Book an appointment 24/7,"In need of a physio near Batemans Bay? BookPhysio.com is an Australian owned physical therapy booking platform built to help patients find and book physical therapy availabilities asap. Book a physio in Batemans Bay, NSW. Whether you have wrist pain, doms or any other pain or injury, find an appointment today."
/launceston,Launceston,TAS,Book a Launceston Physio near you [multiple locations],"Find a physiotherapist in Launceston near you, and book an appointment that suits you instantly. Clinics across Launceston, TAS",Book a Launceston physiotherapist near you,Launceston's #1 physiotherapy booking site (1 clinics),BookPhysio.com is an on-demand physiotherapy booking site. Find and book a Launceston physio appointment near you.,No referrals required,Mulitple locations in Launceston,Book an appointment 24/7,"Book a time today with an experienced physio in Launceston. BookPhysio.com is a physiotherapy specific booking site designed to assist patients looking for quality physiotherapists asap. We have multiple clinics in Launceston, TAS. If you have back pain, sciatica or other musculoskeletal injuries, book a time today."
/tamworth,Tamworth,NSW,Book a Tamworth Physio near you [multiple locations],"Find a physiotherapist in Tamworth near you, and book an appointment that suits you instantly. Clinics across Tamworth, NSW",Book a Tamworth physiotherapist near you,Tamworth's #1 physiotherapy booking site (1 clinics),BookPhysio.com is an on-demand physiotherapy booking site. Find and book a Tamworth physio appointment near you.,No referrals required,Mulitple locations in Tamworth,Book an appointment 24/7,"Do you need a physio in Tamworth? BookPhysio.com is an Australian owned physical therapy booking platform built to help everyday Australians find physical therapy availabilities in under 60 seconds. Find a time and a clinic near you in Tamworth, NSW. Whether you have shoulder pain, tendinopathy or other musculoskeletal injuries, book a time today."
/singleton,Singleton,NSW,Book a Singleton Physio near you [multiple locations],"Find a physiotherapist in Singleton near you, and book an appointment that suits you instantly. Clinics across Singleton, NSW",Book a Singleton physiotherapist near you,Singleton's #1 physiotherapy booking site (1 clinics),BookPhysio.com is an on-demand physiotherapy booking site. Find and book a Singleton physio appointment near you.,No referrals required,Mulitple locations in Singleton,Book an appointment 24/7,"Looking for a physio near Singleton? BookPhysio.com is Australia's #1 physiotherapy booking site created to help patients find and book quality physiotherapists in just under 60 seconds. Find a clinic with a suitable time in Singleton, NSW. Whether you have elbow pain, posture issues or other musculoskeletal injuries, book an appointment today."
/swan-hill,Swan Hill,VIC,Book a Swan Hill Physio near you [multiple locations],"Find a physiotherapist in Swan Hill near you, and book an appointment that suits you instantly. Clinics across Swan Hill, VIC",Book a Swan Hill physiotherapist near you,Swan Hill's #1 physiotherapy booking site (1 clinics),BookPhysio.com is an on-demand physiotherapy booking site. Find and book a Swan Hill physio appointment near you.,No referrals required,Mulitple locations in Swan Hill,Book an appointment 24/7,"Looking for a physio in Swan Hill this week? BookPhysio.com was built to help patients find and book quality physiotherapists asap. Find a time and a clinic near you in Swan Hill, VIC. Whether you have lower back pain, shoulder tendonitis or other musculoskeletal injuries, book a time today and feel great again."
/esperance,Esperance,WA,Book a Esperance Physio near you [multiple locations],"Find a physiotherapist in Esperance near you, and book an appointment that suits you instantly. Clinics across Esperance, WA",Book a Esperance physiotherapist near you,Esperance's #1 physiotherapy booking site (1 clinics),BookPhysio.com is an on-demand physiotherapy booking site. Find and book an Esperance physio appointment near you.,No referrals required,Mulitple locations in Esperance,Book an appointment 24/7,"Looking for a physio in Esperance this week? BookPhysio.com is a physiotherapy specific booking site designed to assist patients quickly and easily find quality physiotherapists today. Book a time in Esperance, WA. Whether you have upper back pain, tennis elbow or other musculoskeletal injuries, find an appointment today."
/shepparton,Shepparton,VIC,Book a Shepparton Physio near you [multiple locations],"Find a physiotherapist in Shepparton near you, and book an appointment that suits you instantly. Clinics across Shepparton, VIC",Book a Shepparton physiotherapist near you,Shepparton's #1 physiotherapy booking site (1 clinics),BookPhysio.com is an on-demand physiotherapy booking site. Find and book a Shepparton physio appointment near you.,No referrals required,Mulitple locations in Shepparton,Book an appointment 24/7,"Are you looking for a physio in Shepparton? BookPhysio.com is a physiotherapy specific booking site designed to help patients easily and quickly book quality physiotherapists with our easy to use platform. Find a clinic with a suitable time in Shepparton, VIC. If you have back pain, tendinopathy or any other pain or injury, find an appointment today."
/drouin,Drouin,VIC,Book a Drouin Physio near you [multiple locations],"Find a physiotherapist in Drouin near you, and book an appointment that suits you instantly. Clinics across Drouin, VIC",Book a Drouin physiotherapist near you,Drouin's #1 physiotherapy booking site (1 clinics),BookPhysio.com is an on-demand physiotherapy booking site. Find and book a Drouin physio appointment near you.,No referrals required,Mulitple locations in Drouin,Book an appointment 24/7,"In pain and looking for a physio in Drouin? BookPhysio.com is a physiotherapy specific booking site designed to help everyday Australians find a nearby physio asap. Find a clinic with a suitable time in Drouin, VIC. If you have neck pain, a rolled ankle or other musculoskeletal injuries, book a time today and feel great again."
/mittagong,Mittagong,NSW,Book a Mittagong Physio near you [multiple locations],"Find a physiotherapist in Mittagong near you, and book an appointment that suits you instantly. Clinics across Mittagong, NSW",Book a Mittagong physiotherapist near you,Mittagong's #1 physiotherapy booking site (1 clinics),BookPhysio.com is an on-demand physiotherapy booking site. Find and book a Mittagong physio appointment near you.,No referrals required,Mulitple locations in Mittagong,Book an appointment 24/7,"Do you need a physio in Mittagong? BookPhysio.com is a physio booking engine created to help patients book expert physiotherapists in just under 60 seconds. Find a time and a clinic near you in Mittagong, NSW. Whether you have upper back pain, sacroiliac joint dysfunction or other musculoskeletal injuries, find a physio that can help you."
/lithgow,Lithgow,NSW,Book a Lithgow Physio near you [multiple locations],"Find a physiotherapist in Lithgow near you, and book an appointment that suits you instantly. Clinics across Lithgow, NSW",Book a Lithgow physiotherapist near you,Lithgow's #1 physiotherapy booking site (1 clinics),BookPhysio.com is an on-demand physiotherapy booking site. Find and book a Lithgow physio appointment near you.,No referrals required,Mulitple locations in Lithgow,Book an appointment 24/7,"Looking for a physio near Lithgow? BookPhysio.com is an Australian owned physical therapy booking platform built to help patients book experienced physiotherapy clinics within the next seven days. We have the best physios in Lithgow, NSW. Whether you have wrist pain, doms or any other pain or injury, find an appointment today."
/dungog,Dungog,NSW,Book a Dungog Physio near you [multiple locations],"Find a physiotherapist in Dungog near you, and book an appointment that suits you instantly. Clinics across Dungog, NSW",Book a Dungog physiotherapist near you,Dungog's #1 physiotherapy booking site (1 clinics),BookPhysio.com is an on-demand physiotherapy booking site. Find and book a Dungog physio appointment near you.,No referrals required,Mulitple locations in Dungog,Book an appointment 24/7,"In need of a physio near Dungog? BookPhysio.com is a physiotherapy specific booking site designed to empower patients to find physical therapy availabilities asap. Book a time in Dungog, NSW. If you have knee pain, posture issues or other musculoskeletal injuries, find an availability today."
/kurri-kurri,Kurri Kurri,NSW,Book a Kurri Kurri Physio near you [multiple locations],"Find a physiotherapist in Kurri Kurri near you, and book an appointment that suits you instantly. Clinics across Kurri Kurri, NSW",Book a Kurri Kurri physiotherapist near you,Kurri Kurri's #1 physiotherapy booking site (1 clinics),BookPhysio.com is an on-demand physiotherapy booking site. Find and book a Kurri Kurri physio appointment near you.,No referrals required,Mulitple locations in Kurri Kurri,Book an appointment 24/7,"Hurt yourself and need a Kurri Kurri physio? BookPhysio.com is an Australian physio booking site designed to assist patients in finding expert physiotherapists in under 60 seconds. We have multiple clinics in Kurri Kurri, NSW. If you have back pain, piriformis syndrome or other musculoskeletal injuries, book an appointment today."
/camperdown,Camperdown,VIC,Book a Camperdown Physio near you [multiple locations],"Find a physiotherapist in Camperdown near you, and book an appointment that suits you instantly. Clinics across Camperdown, VIC",Book a Camperdown physiotherapist near you,Camperdown's #1 physiotherapy booking site (1 clinics),BookPhysio.com is an on-demand physiotherapy booking site. Find and book a Camperdown physio appointment near you.,No referrals required,Mulitple locations in Camperdown,Book an appointment 24/7,"In pain and looking for a physio in Camperdown? BookPhysio.com is an Australian owned physical therapy booking platform built to help patients find the top physio's in just under 60 seconds. Bookphysio.com has multiple clinics near you in Camperdown, VIC. If you have neck pain, postural issues or any other pain or injury, find a physio that can help you."
/atherton,Atherton,QLD,Book a Atherton Physio near you [multiple locations],"Find a physiotherapist in Atherton near you, and book an appointment that suits you instantly. Clinics across Atherton, QLD",Book a Atherton physiotherapist near you,Atherton's #1 physiotherapy booking site (1 clinics),BookPhysio.com is an on-demand physiotherapy booking site. Find and book an Atherton physio appointment near you.,No referrals required,Mulitple locations in Atherton,Book an appointment 24/7,"Need a physio in Atherton today? BookPhysio.com is the go-to place to empower patients to find a physiotherapy appointment in just under 60 seconds. Book a time in Atherton, QLD. Whether you have wrist pain, whiplash or any other pain or injury, find an appointment today."
/barmera,Barmera,SA,Book a Barmera Physio near you [multiple locations],"Find a physiotherapist in Barmera near you, and book an appointment that suits you instantly. Clinics across Barmera, SA",Book a Barmera physiotherapist near you,Barmera's #1 physiotherapy booking site (1 clinics),BookPhysio.com is an on-demand physiotherapy booking site. Find and book a Barmera physio appointment near you.,No referrals required,Mulitple locations in Barmera,Book an appointment 24/7,"Do you need a physio in Barmera? BookPhysio.com is a physio booking engine created to help patients find and book the top physio's today. Find a time and a clinic near you in Barmera, SA. If you have knee pain, a frozen shoulder or any other pain or injury, find an availability today."
/benalla,Benalla,VIC,Book a Benalla Physio near you [multiple locations],"Find a physiotherapist in Benalla near you, and book an appointment that suits you instantly. Clinics across Benalla, VIC",Book a Benalla physiotherapist near you,Benalla's #1 physiotherapy booking site (1 clinics),BookPhysio.com is an on-demand physiotherapy booking site. Find and book a Benalla physio appointment near you.,No referrals required,Mulitple locations in Benalla,Book an appointment 24/7,"In need of an experienced physiotherapist in Benalla today? BookPhysio.com is the go-to place to help everyday Australians find a nearby physio in just under 60 seconds. Book a physio in Benalla, VIC. Whether you have upper back pain, plantar fasciitis or other musculoskeletal injuries, book an appointment today."
/bright,Bright,VIC,Book a Bright Physio near you [multiple locations],"Find a physiotherapist in Bright near you, and book an appointment that suits you instantly. Clinics across Bright, VIC",Book a Bright physiotherapist near you,Bright's #1 physiotherapy booking site (1 clinics),BookPhysio.com is an on-demand physiotherapy booking site. Find and book a Bright physio appointment near you.,No referrals required,Mulitple locations in Bright,Book an appointment 24/7,"Need a physio in Bright today? BookPhysio.com was built to assist patients looking for a local physio with our easy to use platform. We have the best physios in Bright, VIC. If you have hip pain, shoulder tendonitis or other musculoskeletal injuries, find a physio that can help you."
/casino,Casino,NSW,Book a Casino Physio near you [multiple locations],"Find a physiotherapist in Casino near you, and book an appointment that suits you instantly. Clinics across Casino, NSW",Book a Casino physiotherapist near you,Casino's #1 physiotherapy booking site (1 clinics),BookPhysio.com is an on-demand physiotherapy booking site. Find and book a Casino physio appointment near you.,No referrals required,Mulitple locations in Casino,Book an appointment 24/7,"In pain and looking for a physio in Casino? BookPhysio.com was established to empower patients to find the next available physio appointment this weekend. Our platform has multiple clinics in Casino, NSW. If you have back pain, sacroiliac joint dysfunction or any other pain or injury, book a time today."
/corowa,Corowa,NSW,Book a Corowa Physio near you [multiple locations],"Find a physiotherapist in Corowa near you, and book an appointment that suits you instantly. Clinics across Corowa, NSW",Book a Corowa physiotherapist near you,Corowa's #1 physiotherapy booking site (1 clinics),BookPhysio.com is an on-demand physiotherapy booking site. Find and book a Corowa physio appointment near you.,No referrals required,Mulitple locations in Corowa,Book an appointment 24/7,"Injured and need a physio in Corowa? BookPhysio.com is an Australian physio booking site designed to assist patients looking for a local physio in under 60 seconds. Book a time in Corowa, NSW. If you have hip pain, sacroiliac joint dysfunction or other musculoskeletal injuries, find a physio that can help you."
/dalby,Dalby,QLD,Book a Dalby Physio near you [multiple locations],"Find a physiotherapist in Dalby near you, and book an appointment that suits you instantly. Clinics across Dalby, QLD",Book a Dalby physiotherapist near you,Dalby's #1 physiotherapy booking site (1 clinics),BookPhysio.com is an on-demand physiotherapy booking site. Find and book a Dalby physio appointment near you.,No referrals required,Mulitple locations in Dalby,Book an appointment 24/7,"In pain and looking for a physio in Dalby? BookPhysio.com is Australia's #1 physiotherapy booking site created to help patients find and book the best physio's asap. Our platform has multiple clinics in Dalby, QLD. Whether you have upper back pain, postural issues or other musculoskeletal injuries, find an availability today."
/gisborne,Gisborne,VIC,Book a Gisborne Physio near you [multiple locations],"Find a physiotherapist in Gisborne near you, and book an appointment that suits you instantly. Clinics across Gisborne, VIC",Book a Gisborne physiotherapist near you,Gisborne's #1 physiotherapy booking site (1 clinics),BookPhysio.com is an on-demand physiotherapy booking site. Find and book a Gisborne physio appointment near you.,No referrals required,Mulitple locations in Gisborne,Book an appointment 24/7,"Do you require a Gisborne physiotherapist? BookPhysio.com is a physiotherapy specific booking site designed to help everyday Australians find experienced physiotherapy clinics within the next seven days. Find a clinic with a suitable time in Gisborne, VIC. Whether you have hip pain, a wry neck or other musculoskeletal injuries, find an appointment today."
/helensburgh,Helensburgh,NSW,Book a Helensburgh Physio near you [multiple locations],"Find a physiotherapist in Helensburgh near you, and book an appointment that suits you instantly. Clinics across Helensburgh, NSW",Book a Helensburgh physiotherapist near you,Helensburgh's #1 physiotherapy booking site (1 clinics),BookPhysio.com is an on-demand physiotherapy booking site. Find and book a Helensburgh physio appointment near you.,No referrals required,Mulitple locations in Helensburgh,Book an appointment 24/7,"Looking for a physio near Helensburgh? BookPhysio.com was established to help patients easily and quickly book the next available physio appointment today. Book a time at one of our many locations in Helensburgh, NSW. If you have lower back pain, piriformis syndrome or any other pain or injury, find a physio that can help you."
/jindabyne,Jindabyne,NSW,Book a Jindabyne Physio near you [multiple locations],"Find a physiotherapist in Jindabyne near you, and book an appointment that suits you instantly. Clinics across Jindabyne, NSW",Book a Jindabyne physiotherapist near you,Jindabyne's #1 physiotherapy booking site (1 clinics),BookPhysio.com is an on-demand physiotherapy booking site. Find and book a Jindabyne physio appointment near you.,No referrals required,Mulitple locations in Jindabyne,Book an appointment 24/7,"In need of an experienced physiotherapist in Jindabyne today? BookPhysio.com is Australia's #1 physiotherapy booking site created to help patients easily and quickly book the top physio's today. Our platform has multiple clinics in Jindabyne, NSW. If you have shoulder pain, fat pad impingement or other musculoskeletal injuries, book a time today."
/junee,Junee,NSW,Book a Junee Physio near you [multiple locations],"Find a physiotherapist in Junee near you, and book an appointment that suits you instantly. Clinics across Junee, NSW",Book a Junee physiotherapist near you,Junee's #1 physiotherapy booking site (1 clinics),BookPhysio.com is an on-demand physiotherapy booking site. Find and book a Junee physio appointment near you.,No referrals required,Mulitple locations in Junee,Book an appointment 24/7,"Searching for an experienced physio near Junee? BookPhysio.com is an Australian physio booking site designed to empower patients to find an appointment with our easy to use platform. Find a time and a clinic near you in Junee, NSW. Whether you have ankle pain, plantar fasciitis or any other pain or injury, book a time today and feel great again."
/kiama,Kiama,NSW,Book a Kiama Physio near you [multiple locations],"Find a physiotherapist in Kiama near you, and book an appointment that suits you instantly. Clinics across Kiama, NSW",Book a Kiama physiotherapist near you,Kiama's #1 physiotherapy booking site (1 clinics),BookPhysio.com is an on-demand physiotherapy booking site. Find and book a Kiama physio appointment near you.,No referrals required,Mulitple locations in Kiama,Book an appointment 24/7,"Book a time today with an experienced physio in Kiama. BookPhysio.com is a physio booking engine created to assist patients looking for experienced physiotherapy clinics with our easy to use platform. We have the best physios in Kiama, NSW. Whether you have back pain, doms or any other pain or injury, book an appointment today."
/kilmore,Kilmore,VIC,Book a Kilmore Physio near you [multiple locations],"Find a physiotherapist in Kilmore near you, and book an appointment that suits you instantly. Clinics across Kilmore, VIC",Book a Kilmore physiotherapist near you,Kilmore's #1 physiotherapy booking site (1 clinics),BookPhysio.com is an on-demand physiotherapy booking site. Find and book a Kilmore physio appointment near you.,No referrals required,Mulitple locations in Kilmore,Book an appointment 24/7,"Hurt yourself and need a Kilmore physio? BookPhysio.com was created to empower patients to find an appropriate physio in under 60 seconds. We have the best physios in Kilmore, VIC. Whether you have shoulder pain, whiplash or other musculoskeletal injuries, book a time today."
/margaret-river,Margaret River,WA,Book a Margaret River Physio near you [multiple locations],"Find a physiotherapist in Margaret River near you, and book an appointment that suits you instantly. Clinics across Margaret River, WA",Book a Margaret River physiotherapist near you,Margaret River's #1 physiotherapy booking site (1 clinics),BookPhysio.com is an on-demand physiotherapy booking site. Find and book a Margaret River physio appointment near you.,No referrals required,Mulitple locations in Margaret River,Book an appointment 24/7,"Looking for a physio near Margaret River? BookPhysio.com is designed to assist patients in finding a physio appointment this weekend. Find a time and a clinic near you in Margaret River, WA. Whether you have back pain, tennis elbow or any other pain or injury, find an appointment today."
/moonta,Moonta,SA,Book a Moonta Physio near you [multiple locations],"Find a physiotherapist in Moonta near you, and book an appointment that suits you instantly. Clinics across Moonta, SA",Book a Moonta physiotherapist near you,Moonta's #1 physiotherapy booking site (1 clinics),BookPhysio.com is an on-demand physiotherapy booking site. Find and book a Moonta physio appointment near you.,No referrals required,Mulitple locations in Moonta,Book an appointment 24/7,"Need a physio in Moonta today? BookPhysio.com is the go-to place to help patients find and book quality physiotherapists in just under 60 seconds. Book a physio in Moonta, SA. Whether you have hip pain, whiplash or other musculoskeletal injuries, book an appointment today."
/moranbah,Moranbah,QLD,Book a Moranbah Physio near you [multiple locations],"Find a physiotherapist in Moranbah near you, and book an appointment that suits you instantly. Clinics across Moranbah, QLD",Book a Moranbah physiotherapist near you,Moranbah's #1 physiotherapy booking site (1 clinics),BookPhysio.com is an on-demand physiotherapy booking site. Find and book a Moranbah physio appointment near you.,No referrals required,Mulitple locations in Moranbah,Book an appointment 24/7,"Want to book a physio in Moranbah? BookPhysio.com is Australia's #1 physiotherapy booking site created to assist patients in finding an appointment in just under 60 seconds. Book a physio in Moranbah, QLD. Whether you have upper back pain, doms or other musculoskeletal injuries, find an availability today."
/myrtleford,Myrtleford,VIC,Book a Myrtleford Physio near you [multiple locations],"Find a physiotherapist in Myrtleford near you, and book an appointment that suits you instantly. Clinics across Myrtleford, VIC",Book a Myrtleford physiotherapist near you,Myrtleford's #1 physiotherapy booking site (1 clinics),BookPhysio.com is an on-demand physiotherapy booking site. Find and book a Myrtleford physio appointment near you.,No referrals required,Mulitple locations in Myrtleford,Book an appointment 24/7,"Suffering from pain or an injury? BookPhysio.com was built to help patients easily and quickly book a physiotherapy appointment asap. We have the best physios in Myrtleford, VIC. If you have knee pain, doms or other musculoskeletal injuries, book a time today."
/narrandera,Narrandera,NSW,Book a Narrandera Physio near you [multiple locations],"Find a physiotherapist in Narrandera near you, and book an appointment that suits you instantly. Clinics across Narrandera, NSW",Book a Narrandera physiotherapist near you,Narrandera's #1 physiotherapy booking site (1 clinics),BookPhysio.com is an on-demand physiotherapy booking site. Find and book a Narrandera physio appointment near you.,No referrals required,Mulitple locations in Narrandera,Book an appointment 24/7,"Want to book a physio in Narrandera? BookPhysio.com is an Australian physio booking site designed to assist patients in finding the best physio's in under 60 seconds. Bookphysio.com has multiple clinics near you in Narrandera, NSW. If you have ankle pain, posture issues or any other pain or injury, book a time today and feel great again."
/narrogin,Narrogin,WA,Book a Narrogin Physio near you [multiple locations],"Find a physiotherapist in Narrogin near you, and book an appointment that suits you instantly. Clinics across Narrogin, WA",Book a Narrogin physiotherapist near you,Narrogin's #1 physiotherapy booking site (1 clinics),BookPhysio.com is an on-demand physiotherapy booking site. Find and book a Narrogin physio appointment near you.,No referrals required,Mulitple locations in Narrogin,Book an appointment 24/7,"Looking for a physio in Narrogin this week? BookPhysio.com was established to assist patients looking for a physio appointment today. Find a time and a clinic near you in Narrogin, WA. Whether you have hip pain, tennis elbow or any other pain or injury, find an appointment today."
/narromine,Narromine,NSW,Book a Narromine Physio near you [multiple locations],"Find a physiotherapist in Narromine near you, and book an appointment that suits you instantly. Clinics across Narromine, NSW",Book a Narromine physiotherapist near you,Narromine's #1 physiotherapy booking site (1 clinics),BookPhysio.com is an on-demand physiotherapy booking site. Find and book a Narromine physio appointment near you.,No referrals required,Mulitple locations in Narromine,Book an appointment 24/7,"Need a physio in Narromine today? BookPhysio.com was built to assist patients in finding expert physiotherapists with our easy to use platform. Bookphysio.com has multiple clinics near you in Narromine, NSW. Whether you have wrist pain, shoulder tendonitis or other musculoskeletal injuries, find an availability today."
/olinda,Olinda,VIC,Book a Olinda Physio near you [multiple locations],"Find a physiotherapist in Olinda near you, and book an appointment that suits you instantly. Clinics across Olinda, VIC",Book a Olinda physiotherapist near you,Olinda's #1 physiotherapy booking site (1 clinics),BookPhysio.com is an on-demand physiotherapy booking site. Find and book an Olinda physio appointment near you.,No referrals required,Mulitple locations in Olinda,Book an appointment 24/7,"Hurt yourself and need a Olinda physio? BookPhysio.com is the go-to place to empower patients to find the next available physio appointment today. Bookphysio.com has multiple clinics near you in Olinda, VIC. If you have hip pain, piriformis syndrome or any other pain or injury, find an appointment today."
/parkes,Parkes,NSW,Book a Parkes Physio near you [multiple locations],"Find a physiotherapist in Parkes near you, and book an appointment that suits you instantly. Clinics across Parkes, NSW",Book a Parkes physiotherapist near you,Parkes' #1 physiotherapy booking site (1 clinics),BookPhysio.com is an on-demand physiotherapy booking site. Find and book a Parkes physio appointment near you.,No referrals required,Mulitple locations in Parkes,Book an appointment 24/7,"Looking for a physio near Parkes? BookPhysio.com is the go-to place to help patients easily and quickly book the top physio's with our easy to use platform. Book a time in Parkes, NSW. If you have neck pain, postural issues or other musculoskeletal injuries, find a physio that can help you."
/renmark,Renmark,SA,Book a Renmark Physio near you [multiple locations],"Find a physiotherapist in Renmark near you, and book an appointment that suits you instantly. Clinics across Renmark, SA",Book a Renmark physiotherapist near you,Renmark's #1 physiotherapy booking site (1 clinics),BookPhysio.com is an on-demand physiotherapy booking site. Find and book a Renmark physio appointment near you.,No referrals required,Mulitple locations in Renmark,Book an appointment 24/7,"Looking for a physio near Renmark? BookPhysio.com was established to help patients easily and quickly book physical therapy availabilities in just under 60 seconds. Our platform has multiple clinics in Renmark, SA. If you have back pain, rotator cuff tear or other musculoskeletal injuries, find an availability today."
/shellharbour,Shellharbour,NSW,Book a Shellharbour Physio near you [multiple locations],"Find a physiotherapist in Shellharbour near you, and book an appointment that suits you instantly. Clinics across Shellharbour, NSW",Book a Shellharbour physiotherapist near you,Shellharbour's #1 physiotherapy booking site (1 clinics),BookPhysio.com is an on-demand physiotherapy booking site. Find and book a Shellharbour physio appointment near you.,No referrals required,Mulitple locations in Shellharbour,Book an appointment 24/7,"Book a time today with an experienced physio in Shellharbour. BookPhysio.com is designed to help patients find and book a nearby physio this weekend. Find a time and a clinic near you in Shellharbour, NSW. Whether you have back pain, piriformis syndrome or other musculoskeletal injuries, book a time today."
/shoalhaven,Shoalhaven,NSW,Book a Shoalhaven Physio near you [multiple locations],"Find a physiotherapist in Shoalhaven near you, and book an appointment that suits you instantly. Clinics across Shoalhaven, NSW",Book a Shoalhaven physiotherapist near you,Shoalhaven's #1 physiotherapy booking site (1 clinics),BookPhysio.com is an on-demand physiotherapy booking site. Find and book a Shoalhaven physio appointment near you.,No referrals required,Mulitple locations in Shoalhaven,Book an appointment 24/7,"In pain and looking for a physio in Shoalhaven? BookPhysio.com is designed to help patients book the best physio's with our easy to use platform. Find a clinic with a suitable time in Shoalhaven, NSW. If you have wrist pain, a corked thigh or any other pain or injury, book a time today and feel great again."
/strathalbyn,Strathalbyn,SA,Book a Strathalbyn Physio near you [multiple locations],"Find a physiotherapist in Strathalbyn near you, and book an appointment that suits you instantly. Clinics across Strathalbyn, SA",Book a Strathalbyn physiotherapist near you,Strathalbyn's #1 physiotherapy booking site (1 clinics),BookPhysio.com is an on-demand physiotherapy booking site. Find and book a Strathalbyn physio appointment near you.,No referrals required,Mulitple locations in Strathalbyn,Book an appointment 24/7,"Suffering from pain or an injury? BookPhysio.com is Australia's #1 physiotherapy booking site created to assist patients in finding experienced physiotherapy clinics in just under 60 seconds. Book a time in Strathalbyn, SA. If you have elbow pain, FAI or other musculoskeletal injuries, find an availability today."
/tamborine-mountain,Tamborine Mountain,QLD,Book a Tamborine Mountain Physio near you [multiple locations],"Find a physiotherapist in Tamborine Mountain near you, and book an appointment that suits you instantly. Clinics across Tamborine Mountain, QLD",Book a Tamborine Mountain physiotherapist near you,Tamborine Mountain's #1 physiotherapy booking site (1 clinics),BookPhysio.com is an on-demand physiotherapy booking site. Find and book a Tamborine Mountain physio appointment near you.,No referrals required,Mulitple locations in Tamborine Mountain,Book an appointment 24/7,"Need a physio in Tamborine Mountain today? BookPhysio.com was built to assist patients looking for an appropriate physio in just under 60 seconds. Bookphysio.com has multiple clinics near you in Tamborine Mountain, QLD. Whether you have knee pain, whiplash or other musculoskeletal injuries, find a physio that can help you."
/waikerie,Waikerie,SA,Book a Waikerie Physio near you [multiple locations],"Find a physiotherapist in Waikerie near you, and book an appointment that suits you instantly. Clinics across Waikerie, SA",Book a Waikerie physiotherapist near you,Waikerie's #1 physiotherapy booking site (1 clinics),BookPhysio.com is an on-demand physiotherapy booking site. Find and book a Waikerie physio appointment near you.,No referrals required,Mulitple locations in Waikerie,Book an appointment 24/7,"Looking for a physio near Waikerie? BookPhysio.com is a physio booking engine created to help patients find and book a nearby physio in just under 60 seconds. Find a time and a clinic near you in Waikerie, SA. If you have lower back pain, plantar fasciitis or other musculoskeletal injuries, find an appointment today."
/wickham,Wickham,WA,Book a Wickham Physio near you [multiple locations],"Find a physiotherapist in Wickham near you, and book an appointment that suits you instantly. Clinics across Wickham, WA",Book a Wickham physiotherapist near you,Wickham's #1 physiotherapy booking site (1 clinics),BookPhysio.com is an on-demand physiotherapy booking site. Find and book a Wickham physio appointment near you.,No referrals required,Mulitple locations in Wickham,Book an appointment 24/7,"Want to book a physio in Wickham? BookPhysio.com was established to connect patients with a physio appointment this weekend. Book a time in Wickham, WA. Whether you have back pain, FAI or any other pain or injury, book a time today and feel great again."
/yamba,Yamba,NSW,Book a Yamba Physio near you [multiple locations],"Find a physiotherapist in Yamba near you, and book an appointment that suits you instantly. Clinics across Yamba, NSW",Book a Yamba physiotherapist near you,Yamba's #1 physiotherapy booking site (1 clinics),BookPhysio.com is an on-demand physiotherapy booking site. Find and book a Yamba physio appointment near you.,No referrals required,Mulitple locations in Yamba,Book an appointment 24/7,"Book a time today with an experienced physio in Yamba. BookPhysio.com is an Australian owned physical therapy booking platform built to help patients find and book a physio appointment in just under 60 seconds. Our platform has multiple clinics in Yamba, NSW. Whether you have shoulder pain, a rolled ankle or other musculoskeletal injuries, find an availability today."
/yass,Yass,NSW,Book a Yass Physio near you [multiple locations],"Find a physiotherapist in Yass near you, and book an appointment that suits you instantly. Clinics across Yass, NSW",Book a Yass physiotherapist near you,Yass' #1 physiotherapy booking site (1 clinics),BookPhysio.com is an on-demand physiotherapy booking site. Find and book a Yass physio appointment near you.,No referrals required,Mulitple locations in Yass,Book an appointment 24/7,"Do you require a Yass physiotherapist? BookPhysio.com is Australia's #1 physiotherapy booking site created to help patients book a physio appointment with our easy to use platform. We have the best physios in Yass, NSW. If you have neck pain, rotator cuff tear or any other pain or injury, book an appointment today."
/rockhampton,Rockhampton,QLD,Book a Rockhampton Physio near you [multiple locations],"Find a physiotherapist in Rockhampton near you, and book an appointment that suits you instantly. Clinics across Rockhampton, QLD",Book a Rockhampton physiotherapist near you,Rockhampton's #1 physiotherapy booking site (1 clinics),BookPhysio.com is an on-demand physiotherapy booking site. Find and book a Rockhampton physio appointment near you.,No referrals required,Mulitple locations in Rockhampton,Book an appointment 24/7,"Want to book a physio in Rockhampton? BookPhysio.com is the go-to place to assist patients quickly and easily find a suitable time today. We have multiple clinics in Rockhampton, QLD. If you have shoulder pain, a corked thigh or any other pain or injury, book a time today and feel great again."
/maryborough,Maryborough,QLD,Book a Maryborough Physio near you [multiple locations],"Find a physiotherapist in Maryborough near you, and book an appointment that suits you instantly. Clinics across Maryborough, QLD",Book a Maryborough physiotherapist near you,Maryborough's #1 physiotherapy booking site (1 clinics),BookPhysio.com is an on-demand physiotherapy booking site. Find and book a Maryborough physio appointment near you.,No referrals required,Mulitple locations in Maryborough,Book an appointment 24/7,"Hurt yourself and need a Maryborough physio? BookPhysio.com is designed to assist patients quickly and easily find a nearby physio in under 60 seconds. Find a time and a clinic near you in Maryborough, QLD. If you have lower back pain, a frozen shoulder or other musculoskeletal injuries, find a physio that can help you."
/bundaberg,Bundaberg,QLD,Book a Bundaberg Physio near you [multiple locations],"Find a physiotherapist in Bundaberg near you, and book an appointment that suits you instantly. Clinics across Bundaberg, QLD",Book a Bundaberg physiotherapist near you,Bundaberg's #1 physiotherapy booking site (1 clinics),BookPhysio.com is an on-demand physiotherapy booking site. Find and book a Bundaberg physio appointment near you.,No referrals required,Mulitple locations in Bundaberg,Book an appointment 24/7,"Looking for a local physio in Bundaberg? BookPhysio.com is a physio booking engine created to help everyday Australians find a suitable availability with our easy to use platform. Our platform has multiple clinics in Bundaberg, QLD. If you have upper back pain, posture issues or any other pain or injury, find an availability today."
/goulburn,Goulburn,NSW,Book a Goulburn Physio near you [multiple locations],"Find a physiotherapist in Goulburn near you, and book an appointment that suits you instantly. Clinics across Goulburn, NSW",Book a Goulburn physiotherapist near you,Goulburn's #1 physiotherapy booking site (1 clinics),BookPhysio.com is an on-demand physiotherapy booking site. Find and book a Goulburn physio appointment near you.,No referrals required,Mulitple locations in Goulburn,Book an appointment 24/7,"Looking for a local physio in Goulburn? BookPhysio.com is the go-to place to assist patients looking for experienced physiotherapy clinics with our easy to use platform. We have multiple clinics in Goulburn, NSW. If you have wrist pain, sacroiliac joint dysfunction or any other pain or injury, find a physio that can help you."
/kalgoorlie,Kalgoorlie,WA,Book a Kalgoorlie Physio near you [multiple locations],"Find a physiotherapist in Kalgoorlie near you, and book an appointment that suits you instantly. Clinics across Kalgoorlie, WA",Book a Kalgoorlie physiotherapist near you,Kalgoorlie's #1 physiotherapy booking site (1 clinics),BookPhysio.com is an on-demand physiotherapy booking site. Find and book a Kalgoorlie physio appointment near you.,No referrals required,Mulitple locations in Kalgoorlie,Book an appointment 24/7,"Searching for a physio in Kalgoorlie? BookPhysio.com is a physiotherapy specific booking site designed to help patients find and book an appointment in just under 60 seconds. Book a time at one of our many locations in Kalgoorlie, WA. If you have upper back pain, a wry neck or any other pain or injury, book a time today and feel great again."
/karratha,Karratha,WA,Book a Karratha Physio near you [multiple locations],"Find a physiotherapist in Karratha near you, and book an appointment that suits you instantly. Clinics across Karratha, WA",Book a Karratha physiotherapist near you,Karratha's #1 physiotherapy booking site (1 clinics),BookPhysio.com is an on-demand physiotherapy booking site. Find and book a Karratha physio appointment near you.,No referrals required,Mulitple locations in Karratha,Book an appointment 24/7,"Searching for an experienced physio near Karratha? BookPhysio.com was established to empower patients to find experienced physiotherapy clinics in under 60 seconds. Find a time and a clinic near you in Karratha, WA. Whether you have back pain, shoulder tendonitis or other musculoskeletal injuries, find an availability today."
/south-hedland,South Hedland,WA,Book a South Hedland Physio near you [multiple locations],"Find a physiotherapist in South Hedland near you, and book an appointment that suits you instantly. Clinics across South Hedland, WA",Book a South Hedland physiotherapist near you,South Hedland's #1 physiotherapy booking site (1 clinics),BookPhysio.com is an on-demand physiotherapy booking site. Find and book a South Hedland physio appointment near you.,No referrals required,Mulitple locations in South Hedland,Book an appointment 24/7,"Injured and need a physio in South Hedland? BookPhysio.com was built to assist patients in finding the best physio's in under 60 seconds. Find a clinic with a suitable time in South Hedland, WA. Whether you have wrist pain, gluteal tendinopathy or any other pain or injury, book a time today and feel great again."
/alice-springs,Alice Springs,NT,Book a Alice Springs Physio near you [multiple locations],"Find a physiotherapist in Alice Springs near you, and book an appointment that suits you instantly. Clinics across Alice Springs, NT",Book a Alice Springs physiotherapist near you,Alice Springs' #1 physiotherapy booking site (1 clinics),BookPhysio.com is an on-demand physiotherapy booking site. Find and book an Alice Springs physio appointment near you.,No referrals required,Mulitple locations in Alice Springs,Book an appointment 24/7,"Searching for an experienced physio near Alice Springs? BookPhysio.com is an Australian owned physical therapy booking platform built to help patients find and book a physio appointment today. Find a clinic with a suitable time in Alice Springs, NT. Whether you have elbow pain, postural issues or any other pain or injury, book a time today."
/whitsunday,Whitsunday,QLD,Book a Whitsunday Physio near you [multiple locations],"Find a physiotherapist in Whitsunday near you, and book an appointment that suits you instantly. Clinics across Whitsunday, QLD",Book a Whitsunday physiotherapist near you,Whitsunday's #1 physiotherapy booking site (1 clinics),BookPhysio.com is an on-demand physiotherapy booking site. Find and book a Whitsunday physio appointment near you.,No referrals required,Mulitple locations in Whitsunday,Book an appointment 24/7,"Are you looking for a physio in Whitsunday? BookPhysio.com is an Australian physio booking site designed to help patients find physical therapy availabilities today. Our platform has multiple clinics in Whitsunday, QLD. If you have ankle pain, sciatica or other musculoskeletal injuries, book an appointment today."
